                  epoch,         train/box_loss,         train/cls_loss,         train/dfl_loss,   metrics/precision(B),      metrics/recall(B),       metrics/mAP50(B),    metrics/mAP50-95(B),           val/box_loss,           val/cls_loss,           val/dfl_loss,                 lr/pg0,                 lr/pg1,                 lr/pg2
                      1,                 3.4979,                 4.6344,                 2.5199,                0.00147,                0.00551,                0.00088,                0.00017,                  3.032,                 4.4791,                 2.2847,               3.75e-05,               3.75e-05,               3.75e-05
                      2,                 2.9283,                 4.5408,                 2.1182,                0.00682,                0.08073,                 0.0195,                0.00572,                 2.2971,                 4.4734,                 1.7926,             8.1089e-05,             8.1089e-05,             8.1089e-05
                      3,                 2.1236,                 4.2922,                 1.6268,                0.01027,                0.23785,                0.03244,                0.01188,                 1.9475,                 4.2537,                 1.4435,             0.00012451,             0.00012451,             0.00012451
                      4,                 1.8921,                 3.9082,                 1.4693,                0.02229,                0.35291,                0.04283,                0.01915,                 1.5542,                 4.0276,                 1.2166,             0.00016775,             0.00016775,             0.00016775
                      5,                  1.838,                 3.5148,                 1.3946,                0.02676,                0.37889,                0.06278,                0.03057,                 1.5956,                 3.5374,                 1.1577,             0.00021082,             0.00021082,             0.00021082
                      6,                  1.711,                 3.0664,                 1.3002,                0.02544,                0.40291,                0.09671,                0.04919,                 1.6073,                 3.4558,                 1.1774,             0.00025371,             0.00025371,             0.00025371
                      7,                 1.6759,                  2.827,                 1.2608,                0.95455,                0.08579,                0.12494,                0.06284,                 1.5963,                 3.1296,                  1.156,             0.00029644,             0.00029644,             0.00029644
                      8,                  1.657,                 2.7124,                 1.2407,                0.98262,                0.06075,                0.12674,                0.06206,                 1.5689,                 2.9545,                 1.1408,             0.00033899,             0.00033899,             0.00033899
                      9,                 1.5712,                 2.5861,                 1.2089,                0.93668,                0.09315,                0.13734,                0.07489,                 1.4924,                 2.9078,                 1.1517,             0.00038136,             0.00038136,             0.00038136
                     10,                 1.5799,                 2.5868,                 1.2007,                0.87978,                0.11387,                0.18896,                0.09488,                 1.5079,                 2.7201,                 1.1754,             0.00042357,             0.00042357,             0.00042357
                     11,                 1.4954,                  2.361,                 1.1688,                0.83722,                0.18448,                0.22173,                 0.1085,                 1.5003,                 2.4687,                 1.1742,              0.0004656,              0.0004656,              0.0004656
                     12,                 1.5683,                 2.3189,                 1.1886,                0.84256,                0.22518,                0.24867,                0.11904,                 1.4914,                 2.2338,                 1.1814,             0.00050745,             0.00050745,             0.00050745
                     13,                 1.4883,                 2.1747,                 1.1507,                0.85342,                0.23799,                0.26957,                 0.1281,                 1.4546,                 2.0741,                 1.1713,             0.00054914,             0.00054914,             0.00054914
                     14,                 1.5996,                 2.2278,                  1.168,                 0.7388,                0.19918,                0.23307,                0.09956,                 1.6939,                 2.0464,                 1.2482,             0.00059065,             0.00059065,             0.00059065
                     15,                 1.6047,                 2.1176,                 1.1731,                0.62085,                0.24153,                0.26239,                0.13203,                 1.4492,                 1.9188,                 1.1642,             0.00060768,             0.00060768,             0.00060768
                     16,                 1.5098,                 1.9863,                 1.1333,                0.32465,                 0.3553,                 0.2924,                0.14917,                 1.4188,                  1.738,                 1.1286,             0.00060644,             0.00060644,             0.00060644
                     17,                 1.4819,                 1.9587,                 1.1372,                0.36318,                0.31507,                0.30192,                0.15349,                  1.404,                 1.7445,                 1.1115,              0.0006052,              0.0006052,              0.0006052
                     18,                 1.4531,                 1.8922,                 1.1295,                0.36924,                0.34681,                0.30465,                0.16199,                  1.421,                 1.7359,                 1.1225,             0.00060396,             0.00060396,             0.00060396
                     19,                 1.4336,                 1.8355,                 1.1206,                0.34216,                0.36941,                0.31564,                0.17255,                 1.4432,                 1.7001,                 1.1286,             0.00060273,             0.00060273,             0.00060273
                     20,                 1.4515,                 1.8354,                 1.1252,                0.40872,                0.36844,                0.34023,                 0.1892,                 1.4071,                 1.7032,                 1.1075,             0.00060149,             0.00060149,             0.00060149
                     21,                 1.4412,                 1.7345,                 1.1214,                0.42143,                  0.331,                0.34031,                0.18022,                 1.4483,                 1.8976,                 1.1173,             0.00060025,             0.00060025,             0.00060025
                     22,                 1.4471,                 1.7071,                 1.1118,                0.32975,                0.25822,                0.29274,                0.13758,                 1.5867,                 2.2275,                 1.1599,             0.00059901,             0.00059901,             0.00059901
                     23,                 1.4279,                 1.7282,                 1.1109,                0.71488,                0.26247,                0.31714,                0.16157,                 1.4423,                 1.9678,                 1.1396,             0.00059777,             0.00059777,             0.00059777
                     24,                 1.3994,                 1.6949,                 1.1106,                0.39704,                0.36489,                0.37843,                0.20502,                 1.4185,                 1.8422,                 1.1067,             0.00059654,             0.00059654,             0.00059654
                     25,                 1.4059,                 1.6512,                 1.1011,                 0.4032,                0.38469,                0.38862,                0.21626,                 1.4307,                  1.784,                 1.0909,              0.0005953,              0.0005953,              0.0005953
                     26,                 1.3764,                 1.6032,                 1.1001,                0.49134,                0.34214,                0.42635,                0.24246,                 1.3572,                 1.5986,                 1.0645,             0.00059406,             0.00059406,             0.00059406
                     27,                 1.3758,                 1.5683,                 1.0874,                0.45082,                0.40372,                0.43356,                0.24597,                 1.3233,                 1.5612,                 1.0601,             0.00059282,             0.00059282,             0.00059282
                     28,                 1.3579,                 1.5358,                 1.0867,                0.48987,                0.41222,                0.44803,                0.24514,                 1.3313,                  1.725,                 1.0747,             0.00059159,             0.00059159,             0.00059159
                     29,                 1.3811,                 1.5319,                 1.0991,                0.46985,                  0.402,                0.45105,                0.24852,                 1.3523,                  1.703,                 1.0798,             0.00059035,             0.00059035,             0.00059035
                     30,                  1.327,                 1.4996,                  1.082,                0.46047,                0.46903,                0.45763,                0.27406,                 1.2765,                  1.528,                 1.0564,             0.00058911,             0.00058911,             0.00058911
                     31,                 1.3528,                 1.4997,                 1.0863,                0.49054,                0.45704,                0.48434,                0.28888,                 1.2815,                 1.5166,                 1.0542,             0.00058787,             0.00058787,             0.00058787
                     32,                 1.3313,                 1.4328,                 1.0728,                0.50069,                 0.4731,                0.50429,                0.28923,                 1.3088,                 1.5769,                 1.0486,             0.00058664,             0.00058664,             0.00058664
                     33,                   1.36,                 1.4734,                 1.0837,                0.49174,                0.45779,                0.50081,                0.28491,                 1.3178,                 1.5958,                 1.0503,              0.0005854,              0.0005854,              0.0005854
                     34,                 1.3277,                 1.4134,                 1.0688,                 0.4436,                0.51351,                0.51933,                0.29458,                 1.3269,                  1.493,                 1.0522,             0.00058416,             0.00058416,             0.00058416
                     35,                 1.3675,                  1.436,                 1.0886,                 0.5455,                0.44644,                0.51721,                0.28831,                 1.3367,                 1.4615,                 1.0617,             0.00058292,             0.00058292,             0.00058292
                     36,                 1.3686,                 1.4201,                  1.083,                0.52657,                0.44447,                0.47654,                0.26193,                 1.3962,                 1.5836,                 1.0828,             0.00058169,             0.00058169,             0.00058169
                     37,                 1.3522,                 1.3917,                  1.072,                0.53784,                0.47632,                 0.5119,                0.28635,                 1.3355,                 1.5268,                 1.0657,             0.00058045,             0.00058045,             0.00058045
                     38,                 1.3282,                  1.377,                 1.0765,                 0.5577,                0.54377,                0.55398,                0.32372,                 1.2901,                 1.4151,                 1.0454,             0.00057921,             0.00057921,             0.00057921
                     39,                 1.3233,                 1.3692,                 1.0705,                0.52228,                 0.5365,                0.54543,                0.31114,                 1.2837,                 1.3293,                 1.0447,             0.00057797,             0.00057797,             0.00057797
                     40,                 1.2949,                 1.3402,                 1.0587,                0.48905,                0.54765,                0.51989,                0.30226,                 1.2586,                 1.3584,                 1.0369,             0.00057674,             0.00057674,             0.00057674
                     41,                 1.3043,                 1.3715,                  1.074,                0.49648,                0.53094,                0.52031,                0.29966,                 1.2612,                 1.4005,                 1.0355,              0.0005755,              0.0005755,              0.0005755
                     42,                 1.3157,                 1.3627,                 1.0689,                0.48461,                0.58262,                0.53051,                0.30515,                  1.283,                 1.4146,                  1.045,             0.00057426,             0.00057426,             0.00057426
                     43,                 1.2873,                  1.307,                   1.06,                0.54563,                0.54601,                0.57854,                0.33406,                  1.281,                 1.3969,                  1.038,             0.00057303,             0.00057303,             0.00057303
                     44,                 1.3052,                  1.332,                 1.0613,                0.59702,                0.57034,                0.60612,                0.37082,                 1.2295,                 1.3651,                 1.0266,             0.00057179,             0.00057179,             0.00057179
                     45,                 1.2976,                 1.3244,                 1.0584,                0.59162,                0.57866,                0.60315,                0.36263,                 1.2402,                 1.3686,                 1.0305,             0.00057055,             0.00057055,             0.00057055
                     46,                 1.2506,                 1.2976,                 1.0391,                0.58848,                0.59468,                0.62028,                0.37689,                 1.2195,                 1.3188,                 1.0309,             0.00056931,             0.00056931,             0.00056931
                     47,                 1.2692,                 1.2977,                  1.056,                0.54303,                 0.6726,                0.61396,                0.37411,                 1.2457,                 1.2552,                 1.0401,             0.00056808,             0.00056808,             0.00056808
                     48,                 1.2749,                 1.3136,                 1.0583,                0.56174,                0.57753,                0.61172,                0.36545,                  1.245,                 1.2817,                 1.0347,             0.00056684,             0.00056684,             0.00056684
                     49,                 1.2706,                 1.2778,                 1.0678,                0.59402,                 0.5704,                0.62251,                0.37355,                 1.2341,                    1.3,                 1.0248,              0.0005656,              0.0005656,              0.0005656
                     50,                  1.249,                 1.2519,                 1.0425,                 0.5468,                0.67127,                 0.6241,                0.37923,                 1.2334,                 1.2639,                 1.0208,             0.00056436,             0.00056436,             0.00056436
                     51,                 1.2629,                 1.2771,                 1.0372,                0.59695,                0.62955,                0.62319,                0.36444,                 1.2572,                 1.2377,                  1.026,             0.00056313,             0.00056313,             0.00056313
                     52,                 1.2572,                 1.2497,                 1.0466,                0.55236,                0.64943,                0.63046,                0.37948,                 1.2097,                 1.2083,                 1.0249,             0.00056189,             0.00056189,             0.00056189
                     53,                 1.2403,                 1.2349,                 1.0354,                0.58068,                0.62585,                0.63282,                0.38802,                 1.2184,                 1.2527,                 1.0271,             0.00056065,             0.00056065,             0.00056065
                     54,                 1.2821,                 1.2783,                  1.038,                0.52146,                0.67236,                0.58687,                0.35415,                 1.2615,                 1.4137,                  1.041,             0.00055941,             0.00055941,             0.00055941
                     55,                 1.2433,                 1.2651,                 1.0359,                0.58023,                0.69074,                0.62467,                0.36894,                 1.2702,                 1.2933,                 1.0287,             0.00055818,             0.00055818,             0.00055818
                     56,                 1.2671,                 1.2473,                 1.0442,                0.60799,                0.68516,                0.66967,                0.39622,                 1.2489,                 1.1989,                 1.0278,             0.00055694,             0.00055694,             0.00055694
                     57,                 1.2376,                  1.192,                 1.0301,                0.57391,                0.69533,                0.67396,                0.39923,                 1.2478,                 1.1991,                   1.03,              0.0005557,              0.0005557,              0.0005557
                     58,                 1.2293,                 1.1711,                 1.0185,                0.62992,                0.64171,                0.66729,                0.40264,                 1.2458,                 1.2326,                 1.0249,             0.00055446,             0.00055446,             0.00055446
                     59,                 1.1967,                  1.187,                 1.0194,                0.61031,                0.64455,                 0.6647,                0.39545,                 1.2367,                 1.2626,                 1.0159,             0.00055323,             0.00055323,             0.00055323
                     60,                 1.2246,                 1.1647,                 1.0232,                0.56462,                0.76162,                0.68486,                 0.4056,                 1.2049,                 1.2474,                 1.0183,             0.00055199,             0.00055199,             0.00055199
                     61,                 1.2504,                  1.201,                   1.04,                0.60671,                 0.6962,                0.66528,                 0.3913,                 1.2127,                 1.2425,                 1.0234,             0.00055075,             0.00055075,             0.00055075
                     62,                 1.2288,                 1.1515,                 1.0238,                0.55552,                0.74135,                0.65717,                 0.3926,                 1.2096,                 1.2232,                 1.0218,             0.00054951,             0.00054951,             0.00054951
                     63,                  1.243,                 1.1595,                 1.0236,                0.54074,                0.67736,                0.63393,                0.39305,                 1.2215,                 1.2451,                 1.0221,             0.00054827,             0.00054827,             0.00054827
                     64,                 1.2352,                 1.1818,                 1.0289,                0.59151,                0.64141,                0.63763,                0.39004,                 1.2398,                 1.3218,                 1.0232,             0.00054704,             0.00054704,             0.00054704
                     65,                 1.2296,                 1.1821,                 1.0235,                0.57846,                0.63374,                0.64214,                0.38693,                 1.2471,                 1.3365,                 1.0241,              0.0005458,              0.0005458,              0.0005458
                     66,                 1.2424,                 1.1868,                 1.0296,                0.56746,                0.61587,                0.63644,                0.37689,                 1.2195,                 1.3364,                 1.0245,             0.00054456,             0.00054456,             0.00054456
                     67,                 1.2289,                 1.1675,                 1.0352,                0.64592,                0.62283,                0.67288,                0.40306,                 1.2673,                 1.2916,                 1.0403,             0.00054332,             0.00054332,             0.00054332
                     68,                 1.2392,                 1.1561,                 1.0206,                 0.6046,                0.65481,                0.66136,                0.42258,                 1.2107,                  1.256,                  1.029,             0.00054209,             0.00054209,             0.00054209
                     69,                 1.2251,                 1.1358,                 1.0257,                0.53831,                 0.6786,                0.64808,                0.40821,                 1.1997,                 1.2459,                 1.0322,             0.00054085,             0.00054085,             0.00054085
                     70,                 1.2087,                 1.1296,                 1.0278,                 0.5333,                0.63862,                0.59846,                0.36547,                 1.2353,                 1.3707,                 1.0561,             0.00053961,             0.00053961,             0.00053961
                     71,                 1.1924,                 1.0916,                 1.0138,                0.59517,                0.63431,                0.64817,                0.39475,                 1.2413,                 1.2406,                 1.0356,             0.00053838,             0.00053838,             0.00053838
                     72,                 1.1965,                 1.0971,                 1.0282,                0.61814,                0.73402,                0.67392,                0.40165,                 1.2241,                 1.2051,                 1.0158,             0.00053714,             0.00053714,             0.00053714
                     73,                 1.1826,                  1.087,                  1.013,                0.62227,                0.75541,                0.69262,                0.40757,                 1.2045,                 1.1877,                 1.0103,              0.0005359,              0.0005359,              0.0005359
                     74,                 1.2078,                 1.0866,                 1.0192,                0.62111,                0.74477,                0.66876,                0.40396,                 1.2195,                 1.1773,                 1.0243,             0.00053466,             0.00053466,             0.00053466
                     75,                 1.2134,                 1.1054,                 1.0316,                0.57411,                0.68782,                0.64889,                0.38409,                 1.2517,                 1.2112,                 1.0249,             0.00053343,             0.00053343,             0.00053343
                     76,                 1.1947,                 1.0991,                 1.0337,                0.66264,                0.60902,                0.67042,                0.39923,                 1.2512,                  1.337,                 1.0209,             0.00053219,             0.00053219,             0.00053219
                     77,                 1.2006,                 1.0668,                 1.0121,                0.68415,                  0.584,                0.67098,                0.40415,                 1.2737,                 1.3749,                 1.0236,             0.00053095,             0.00053095,             0.00053095
                     78,                 1.1999,                 1.0846,                 1.0247,                0.56105,                0.70246,                 0.6671,                0.41128,                 1.2427,                 1.2651,                 1.0141,             0.00052971,             0.00052971,             0.00052971
                     79,                 1.1678,                 1.0446,                 1.0068,                0.58857,                 0.6926,                0.65982,                0.41201,                  1.236,                 1.2279,                 1.0263,             0.00052848,             0.00052848,             0.00052848
                     80,                 1.2059,                 1.0339,                 1.0177,                0.60082,                0.72667,                0.66839,                0.41603,                 1.1894,                 1.2206,                 1.0149,             0.00052724,             0.00052724,             0.00052724
                     81,                 1.1679,                 1.0445,                 1.0014,                0.59396,                0.74108,                0.66087,                 0.4104,                 1.2112,                  1.257,                 1.0279,               0.000526,               0.000526,               0.000526
                     82,                 1.2161,                  1.069,                 1.0248,                0.57326,                0.71649,                0.66337,                0.39527,                 1.3183,                 1.3501,                 1.0583,             0.00052476,             0.00052476,             0.00052476
                     83,                 1.2026,                 1.0664,                 1.0186,                0.61662,                0.68245,                0.68207,                0.40438,                 1.2077,                 1.2458,                 1.0247,             0.00052352,             0.00052352,             0.00052352
                     84,                 1.1747,                 1.0587,                 1.0224,                0.60985,                0.76442,                0.70616,                0.42261,                 1.1961,                 1.1707,                 1.0221,             0.00052229,             0.00052229,             0.00052229
                     85,                 1.1944,                 1.0302,                 1.0122,                0.63461,                0.71221,                0.69597,                0.41412,                 1.1955,                 1.1791,                   1.03,             0.00052105,             0.00052105,             0.00052105
                     86,                 1.1631,                 1.0074,                 1.0085,                0.62146,                0.67706,                0.68128,                0.41147,                 1.2559,                 1.2358,                 1.0227,             0.00051981,             0.00051981,             0.00051981
                     87,                 1.1536,                 1.0291,                 1.0058,                0.59365,                0.70298,                0.65868,                0.39376,                 1.3173,                  1.374,                 1.0284,             0.00051858,             0.00051858,             0.00051858
                     88,                 1.1492,                 1.0155,                      1,                 0.6326,                0.64929,                0.66649,                0.41075,                 1.2774,                 1.3065,                 1.0221,             0.00051734,             0.00051734,             0.00051734
                     89,                 1.1715,                0.98411,                0.99477,                0.67895,                0.58893,                0.67978,                0.41782,                 1.2345,                 1.2414,                 1.0214,              0.0005161,              0.0005161,              0.0005161
                     90,                 1.1443,                0.99873,                 1.0054,                0.65569,                0.61137,                0.68454,                0.41364,                 1.2512,                 1.2482,                 1.0447,             0.00051486,             0.00051486,             0.00051486
                     91,                 1.1655,                0.98892,                 1.0017,                0.66638,                0.63274,                0.68737,                0.39704,                 1.2712,                 1.2516,                 1.0487,             0.00051363,             0.00051363,             0.00051363
                     92,                 1.1637,                 1.0242,                 1.0075,                0.61612,                0.69486,                0.68685,                0.41712,                 1.2331,                 1.2473,                 1.0292,             0.00051239,             0.00051239,             0.00051239
                     93,                 1.1515,                0.97683,                 0.9973,                0.59727,                0.71049,                 0.6763,                0.41191,                 1.2327,                 1.2624,                 1.0185,             0.00051115,             0.00051115,             0.00051115
                     94,                 1.1506,                0.96481,                0.99246,                0.61149,                0.68168,                0.67038,                 0.4064,                 1.2302,                 1.2632,                 1.0114,             0.00050991,             0.00050991,             0.00050991
                     95,                 1.1618,                0.95879,                 1.0063,                0.57406,                0.77071,                0.67815,                0.41784,                 1.1961,                 1.2705,                 1.0335,             0.00050867,             0.00050867,             0.00050867
                     96,                 1.1401,                0.95138,                0.98885,                0.60007,                0.77454,                 0.6775,                0.41114,                 1.2675,                 1.3447,                 1.0904,             0.00050744,             0.00050744,             0.00050744
                     97,                 1.1397,                0.94762,                0.98752,                0.60405,                0.75321,                 0.6935,                0.42369,                 1.2637,                    1.3,                 1.0855,              0.0005062,              0.0005062,              0.0005062
                     98,                 1.1372,                0.95955,                0.99919,                0.62736,                0.71095,                 0.7321,                0.46054,                 1.2023,                 1.1803,                  1.038,             0.00050496,             0.00050496,             0.00050496
                     99,                 1.1185,                0.96649,                0.99365,                0.61119,                0.69038,                0.71667,                0.44849,                 1.1942,                 1.1781,                 1.0128,             0.00050373,             0.00050373,             0.00050373
                    100,                 1.1297,                0.96496,                0.99401,                0.68909,                0.61964,                0.68623,                 0.4248,                 1.2986,                 1.2731,                 1.0348,             0.00050249,             0.00050249,             0.00050249
                    101,                 1.1199,                0.91206,                0.99237,                0.67759,                0.61904,                0.67858,                0.41395,                  1.331,                 1.2952,                 1.0418,             0.00050125,             0.00050125,             0.00050125
                    102,                 1.1539,                0.94866,                 1.0072,                0.59707,                0.66232,                0.67877,                0.41123,                 1.3457,                 1.3032,                  1.048,             0.00050001,             0.00050001,             0.00050001
                    103,                 1.1577,                0.94728,                 1.0023,                0.59602,                0.71739,                0.68748,                 0.4229,                 1.2561,                 1.2401,                  1.028,             0.00049878,             0.00049878,             0.00049878
                    104,                 1.1103,                0.92601,                0.99776,                0.62009,                0.68438,                0.69902,                0.43705,                 1.2119,                 1.1706,                 1.0148,             0.00049754,             0.00049754,             0.00049754
                    105,                 1.1367,                0.91483,                0.99272,                0.62235,                0.70414,                0.70208,                0.44394,                 1.1974,                 1.1352,                 1.0125,              0.0004963,              0.0004963,              0.0004963
                    106,                 1.1369,                0.93708,                 1.0022,                0.60234,                0.76391,                0.70321,                0.43798,                  1.267,                 1.1522,                 1.0289,             0.00049506,             0.00049506,             0.00049506
                    107,                 1.1663,                0.93686,                0.99342,                 0.6179,                0.73905,                0.68088,                0.42043,                 1.2573,                 1.2002,                 1.0316,             0.00049383,             0.00049383,             0.00049383
                    108,                 1.1565,                0.96686,                0.99603,                0.60958,                0.72277,                0.67129,                0.41626,                  1.274,                   1.21,                 1.0335,             0.00049259,             0.00049259,             0.00049259
                    109,                 1.1162,                0.93891,                0.99216,                0.56996,                0.75753,                0.65835,                0.40553,                 1.2696,                 1.2126,                 1.0345,             0.00049135,             0.00049135,             0.00049135
                    110,                  1.158,                0.92556,                0.99317,                0.60096,                 0.6878,                0.63521,                0.39433,                 1.2158,                 1.1945,                  1.017,             0.00049011,             0.00049011,             0.00049011
                    111,                 1.1141,                0.92839,                 1.0015,                0.55642,                 0.6411,                0.62271,                0.39713,                 1.2082,                 1.2037,                 1.0088,             0.00048888,             0.00048888,             0.00048888
                    112,                 1.1108,                0.91722,                0.99176,                0.59064,                0.65339,                0.65461,                0.40764,                 1.2151,                 1.1903,                  1.005,             0.00048764,             0.00048764,             0.00048764
                    113,                 1.1195,                0.89853,                0.98713,                0.64103,                0.65801,                0.67784,                0.41581,                 1.2294,                   1.18,                 1.0114,              0.0004864,              0.0004864,              0.0004864
                    114,                 1.1041,                0.90254,                0.98722,                0.63379,                0.72336,                0.68801,                0.42327,                 1.2253,                 1.1198,                 1.0166,             0.00048516,             0.00048516,             0.00048516
                    115,                 1.1217,                0.89094,                  0.986,                0.61436,                0.71103,                0.68133,                0.42232,                  1.241,                 1.1423,                 1.0297,             0.00048393,             0.00048393,             0.00048393
                    116,                 1.1068,                0.89077,                 1.0012,                0.61901,                0.71314,                0.69206,                0.42935,                 1.2111,                 1.1715,                 1.0308,             0.00048269,             0.00048269,             0.00048269
                    117,                 1.1048,                0.88585,                0.98141,                0.61712,                0.71654,                0.69338,                0.42853,                  1.225,                 1.1834,                 1.0343,             0.00048145,             0.00048145,             0.00048145
                    118,                 1.1252,                0.90564,                 1.0013,                0.61658,                0.71412,                0.67899,                0.42485,                 1.2151,                 1.2068,                 1.0338,             0.00048021,             0.00048021,             0.00048021
                    119,                 1.1164,                0.88995,                 0.9807,                0.56048,                0.75104,                0.66827,                0.41557,                 1.2153,                 1.1973,                 1.0294,             0.00047898,             0.00047898,             0.00047898
                    120,                 1.0959,                 0.8832,                0.98261,                0.61263,                0.70893,                0.68928,                0.41838,                  1.289,                 1.1529,                 1.0362,             0.00047774,             0.00047774,             0.00047774
                    121,                 1.0666,                0.86255,                0.98117,                0.62381,                0.72776,                0.69631,                0.42474,                 1.2805,                 1.1388,                 1.0283,              0.0004765,              0.0004765,              0.0004765
                    122,                 1.0952,                0.85678,                0.98871,                0.65841,                0.70803,                0.71369,                0.42856,                 1.2779,                 1.1697,                 1.0232,             0.00047526,             0.00047526,             0.00047526
                    123,                 1.1088,                0.88626,                0.99521,                0.66194,                0.71037,                0.70848,                0.44005,                 1.2293,                 1.1464,                 1.0183,             0.00047402,             0.00047402,             0.00047402
                    124,                    1.1,                0.87752,                 0.9789,                0.66754,                0.70863,                0.71549,                0.44054,                 1.2836,                 1.1974,                 1.0452,             0.00047279,             0.00047279,             0.00047279
                    125,                  1.067,                0.86761,                0.98576,                0.66623,                0.70129,                 0.7042,                0.42996,                 1.3336,                 1.2209,                 1.0566,             0.00047155,             0.00047155,             0.00047155
                    126,                 1.1321,                0.90579,                0.98606,                0.65523,                0.70375,                0.68383,                0.41686,                 1.3101,                 1.2341,                 1.0517,             0.00047031,             0.00047031,             0.00047031
                    127,                 1.1041,                0.87101,                0.98778,                0.63516,                0.68923,                0.68979,                0.42008,                 1.2384,                 1.2411,                 1.0357,             0.00046908,             0.00046908,             0.00046908
                    128,                 1.0709,                0.85959,                0.98236,                0.57164,                0.82358,                0.69201,                0.42731,                 1.2433,                 1.2435,                 1.0399,             0.00046784,             0.00046784,             0.00046784
                    129,                 1.1065,                0.84047,                0.98983,                0.58121,                0.83038,                0.70017,                0.42591,                 1.2443,                 1.1997,                 1.0375,              0.0004666,              0.0004666,              0.0004666
                    130,                 1.1016,                0.86619,                0.98996,                0.63956,                0.76528,                0.71187,                0.43082,                 1.2534,                  1.144,                  1.031,             0.00046536,             0.00046536,             0.00046536
                    131,                 1.0989,                 0.8633,                 0.9868,                 0.6507,                0.76474,                0.71609,                0.44042,                 1.2389,                 1.1062,                 1.0312,             0.00046413,             0.00046413,             0.00046413
                    132,                 1.1019,                 0.8594,                0.98665,                0.71755,                0.70802,                0.70635,                0.43447,                 1.2489,                 1.0981,                 1.0276,             0.00046289,             0.00046289,             0.00046289
                    133,                 1.0547,                0.83322,                0.96986,                0.70422,                0.69691,                0.70052,                0.43237,                 1.2551,                 1.1169,                 1.0385,             0.00046165,             0.00046165,             0.00046165
                    134,                 1.0822,                0.82234,                0.97668,                0.65271,                 0.7428,                0.69803,                 0.4388,                  1.245,                 1.1359,                 1.0433,             0.00046041,             0.00046041,             0.00046041
                    135,                 1.0791,                0.85255,                0.98183,                 0.5974,                0.77162,                0.69314,                0.43827,                 1.2573,                  1.147,                 1.0494,             0.00045918,             0.00045918,             0.00045918
                    136,                 1.0728,                0.83996,                0.97976,                0.67622,                0.69418,                0.71224,                0.44219,                 1.2859,                 1.1659,                 1.0524,             0.00045794,             0.00045794,             0.00045794
                    137,                 1.0937,                0.85933,                0.98333,                0.61742,                0.76221,                0.70545,                0.43438,                 1.2834,                  1.167,                  1.054,              0.0004567,              0.0004567,              0.0004567
                    138,                 1.0741,                0.85259,                0.99075,                0.65204,                0.68096,                0.68885,                0.42068,                 1.3675,                 1.2477,                 1.0696,             0.00045546,             0.00045546,             0.00045546
                    139,                 1.0957,                 0.8308,                0.98815,                0.76512,                0.62006,                0.68219,                0.41098,                 1.3695,                 1.2635,                 1.0581,             0.00045422,             0.00045422,             0.00045422
                    140,                 1.0534,                0.80901,                0.96681,                0.65332,                0.70954,                0.67457,                0.40348,                 1.3663,                 1.2467,                 1.0497,             0.00045299,             0.00045299,             0.00045299
                    141,                 1.0643,                0.82563,                0.98761,                0.69804,                0.64341,                0.67514,                0.41202,                 1.3543,                 1.2346,                 1.0491,             0.00045175,             0.00045175,             0.00045175
                    142,                 1.0736,                 0.8132,                 0.9742,                0.65332,                0.72664,                0.70864,                0.43389,                 1.2896,                 1.1734,                 1.0332,             0.00045051,             0.00045051,             0.00045051
                    143,                 1.0431,                 0.8244,                0.97089,                0.66669,                0.73863,                0.72664,                0.45237,                 1.2336,                 1.1126,                 1.0306,             0.00044927,             0.00044927,             0.00044927
                    144,                 1.0344,                0.80605,                0.97814,                0.63755,                 0.7721,                0.72628,                0.46152,                 1.2078,                  1.105,                 1.0198,             0.00044804,             0.00044804,             0.00044804
                    145,                 1.0704,                0.84324,                0.98004,                 0.6649,                 0.7618,                0.72806,                0.46168,                 1.2063,                 1.1095,                 1.0232,              0.0004468,              0.0004468,              0.0004468
                    146,                 1.0593,                0.79536,                0.96202,                0.68364,                0.71679,                0.71238,                0.43676,                 1.2478,                 1.1902,                 1.0664,             0.00044556,             0.00044556,             0.00044556
                    147,                 1.0479,                0.79644,                0.97182,                0.65246,                0.72625,                0.69264,                0.42809,                 1.2535,                 1.1964,                 1.0927,             0.00044433,             0.00044433,             0.00044433
                    148,                 1.0406,                0.80047,                0.96368,                0.67877,                 0.7039,                0.69917,                0.42834,                 1.2728,                  1.196,                 1.0573,             0.00044309,             0.00044309,             0.00044309
                    149,                 1.0546,                0.84771,                0.98404,                0.69011,                 0.7097,                0.70072,                0.42644,                 1.3127,                 1.2464,                 1.0562,             0.00044185,             0.00044185,             0.00044185
                    150,                 1.0618,                0.82198,                 0.9763,                0.69658,                0.67301,                0.66555,                0.39329,                 1.4514,                  1.332,                 1.0819,             0.00044061,             0.00044061,             0.00044061
                    151,                 1.0562,                 0.8471,                0.97037,                0.68673,                0.70012,                 0.6697,                0.39011,                 1.4146,                 1.2888,                 1.0744,             0.00043937,             0.00043937,             0.00043937
                    152,                 1.0702,                0.80111,                0.96661,                0.67231,                0.76649,                0.69872,                0.41687,                 1.3571,                 1.2349,                 1.0772,             0.00043814,             0.00043814,             0.00043814
                    153,                  1.059,                0.81224,                0.98053,                0.67586,                0.76459,                0.69613,                0.41313,                 1.3731,                 1.2497,                 1.0836,              0.0004369,              0.0004369,              0.0004369
                    154,                 1.0602,                 0.8108,                0.96872,                0.67051,                0.69994,                  0.678,                0.39928,                 1.4326,                 1.2474,                 1.0985,             0.00043566,             0.00043566,             0.00043566
                    155,                 1.0575,                0.78978,                0.96148,                0.68305,                0.66714,                0.67174,                0.40859,                 1.4121,                 1.2182,                 1.0887,             0.00043442,             0.00043442,             0.00043442
                    156,                 1.0941,                0.81504,                0.97803,                 0.7091,                0.69427,                 0.6892,                0.42227,                 1.3527,                 1.1575,                 1.0605,             0.00043319,             0.00043319,             0.00043319
                    157,                 1.0556,                0.79909,                0.97003,                0.69141,                0.73641,                0.70178,                0.43437,                 1.3203,                 1.1409,                 1.0482,             0.00043195,             0.00043195,             0.00043195
                    158,                 1.0592,                0.82668,                0.98762,                0.68858,                0.76917,                0.72031,                0.43798,                 1.3259,                 1.1297,                 1.0485,             0.00043071,             0.00043071,             0.00043071
                    159,                 1.0306,                0.80241,                0.96942,                0.67925,                0.75577,                0.72868,                0.45436,                 1.2722,                 1.1047,                 1.0478,             0.00042948,             0.00042948,             0.00042948
                    160,                 1.0432,                0.80015,                0.97374,                0.66954,                0.74723,                0.75246,                0.46492,                 1.2922,                 1.0592,                 1.0668,             0.00042824,             0.00042824,             0.00042824
                    161,                 1.0275,                0.76786,                0.96499,                0.70934,                0.75414,                 0.7703,                 0.4723,                 1.2936,                 1.0347,                 1.0439,               0.000427,               0.000427,               0.000427
                    162,                 1.0433,                0.78649,                0.96718,                0.68386,                 0.7488,                0.76322,                0.46146,                 1.2882,                 1.0502,                 1.0277,             0.00042576,             0.00042576,             0.00042576
                    163,                 1.0379,                 0.7925,                0.96864,                0.73623,                0.75014,                 0.7585,                0.45426,                 1.3057,                 1.1158,                 1.0288,             0.00042452,             0.00042452,             0.00042452
                    164,                 1.0449,                0.80402,                0.96945,                0.74625,                0.73369,                0.73795,                0.44673,                 1.3764,                 1.1546,                 1.0507,             0.00042329,             0.00042329,             0.00042329
                    165,                 1.0359,                0.79781,                0.97009,                0.74846,                0.71568,                0.73559,                0.44802,                 1.3625,                 1.1361,                 1.0542,             0.00042205,             0.00042205,             0.00042205
                    166,                 1.0069,                0.77017,                0.95757,                0.72629,                0.72562,                0.73235,                0.44295,                 1.2811,                 1.1275,                 1.0499,             0.00042081,             0.00042081,             0.00042081
                    167,                  1.027,                0.76158,                0.95885,                0.68951,                0.72225,                0.71375,                0.43854,                 1.3002,                 1.1811,                 1.0582,             0.00041957,             0.00041957,             0.00041957
                    168,                  1.023,                0.78821,                0.95852,                0.69891,                 0.7128,                0.72402,                0.44192,                 1.3048,                 1.2057,                 1.0539,             0.00041834,             0.00041834,             0.00041834
                    169,                 1.0314,                0.77769,                0.96767,                0.69201,                 0.7348,                0.72905,                0.44894,                 1.3027,                 1.2008,                 1.0528,              0.0004171,              0.0004171,              0.0004171
                    170,                 1.0068,                 0.7536,                0.95865,                0.65711,                0.77775,                0.72181,                0.44437,                 1.2919,                 1.1574,                 1.0518,             0.00041586,             0.00041586,             0.00041586
                    171,                 1.0092,                0.75785,                0.95037,                0.65317,                0.77878,                0.71685,                0.43654,                 1.3201,                 1.1386,                 1.0692,             0.00041462,             0.00041462,             0.00041462
                    172,                 1.0011,                 0.7582,                0.95324,                0.67934,                0.71495,                0.70845,                 0.4385,                 1.3271,                 1.1735,                 1.0721,             0.00041339,             0.00041339,             0.00041339
                    173,                  0.987,                 0.7538,                0.96807,                0.65178,                0.73072,                0.69762,                0.43211,                  1.328,                 1.1763,                 1.0715,             0.00041215,             0.00041215,             0.00041215
                    174,                 1.0503,                0.77616,                 0.9759,                0.64142,                0.79345,                 0.7149,                0.42232,                 1.3183,                 1.1552,                 1.0676,             0.00041091,             0.00041091,             0.00041091
                    175,                 1.0181,                 0.7404,                0.95835,                0.64256,                0.78888,                0.70476,                0.43234,                 1.3154,                 1.1223,                 1.0641,             0.00040968,             0.00040968,             0.00040968
                    176,                 1.0539,                0.76589,                0.97451,                0.63834,                0.77099,                0.72199,                0.44355,                 1.3172,                 1.1347,                 1.0538,             0.00040844,             0.00040844,             0.00040844
                    177,                 1.0182,                 0.7493,                0.96925,                0.65635,                0.72015,                0.72271,                 0.4487,                 1.3314,                   1.16,                 1.0575,              0.0004072,              0.0004072,              0.0004072
                    178,                 1.0189,                0.75899,                0.95976,                0.69038,                0.69306,                0.72025,                0.43916,                 1.3255,                 1.1975,                  1.057,             0.00040596,             0.00040596,             0.00040596
                    179,                 1.0083,                0.77486,                0.96073,                0.72311,                0.65755,                0.71603,                0.43715,                 1.3117,                 1.1602,                 1.0543,             0.00040473,             0.00040473,             0.00040473
                    180,                 1.0005,                0.74873,                 0.9583,                0.66575,                0.75618,                0.72298,                0.44349,                 1.2876,                 1.1345,                 1.0553,             0.00040349,             0.00040349,             0.00040349
                    181,                 1.0124,                0.74524,                0.96425,                0.65616,                 0.7706,                0.72095,                0.44341,                  1.308,                 1.1238,                 1.0668,             0.00040225,             0.00040225,             0.00040225
                    182,                 1.0151,                0.73461,                 0.9563,                0.67822,                 0.7109,                0.70953,                0.43172,                 1.3765,                 1.1449,                 1.0737,             0.00040101,             0.00040101,             0.00040101
                    183,                 1.0002,                0.73596,                0.95974,                0.66502,                0.72191,                0.70349,                0.43143,                 1.3776,                 1.1574,                 1.0691,             0.00039978,             0.00039978,             0.00039978
                    184,                 1.0235,                0.74913,                0.96175,                0.68054,                0.69207,                0.69688,                0.43324,                 1.3542,                 1.1342,                 1.0665,             0.00039854,             0.00039854,             0.00039854
                    185,                  1.004,                0.75376,                0.96854,                0.66235,                0.73613,                 0.6841,                0.42368,                 1.3481,                 1.1209,                 1.0694,              0.0003973,              0.0003973,              0.0003973
                    186,                 1.0216,                0.75825,                0.95358,                0.66083,                0.74482,                0.68411,                0.41716,                 1.3411,                 1.1045,                 1.0891,             0.00039606,             0.00039606,             0.00039606
                    187,                0.97752,                 0.7248,                0.95203,                0.63121,                0.75103,                0.67856,                0.41498,                 1.3532,                 1.1367,                 1.0967,             0.00039483,             0.00039483,             0.00039483
                    188,                0.98326,                0.72519,                 0.9424,                0.66412,                0.71756,                0.68346,                0.41273,                 1.3654,                 1.1863,                 1.0673,             0.00039359,             0.00039359,             0.00039359
                    189,                0.97453,                0.71392,                0.94577,                0.68289,                0.71264,                0.68604,                 0.4181,                 1.3779,                 1.1923,                  1.066,             0.00039235,             0.00039235,             0.00039235
                    190,                 1.0115,                0.73939,                0.94978,                0.68225,                0.70653,                0.68558,                0.41276,                 1.3613,                 1.1641,                 1.0733,             0.00039111,             0.00039111,             0.00039111
                    191,                0.99402,                0.74481,                  0.956,                0.66213,                0.74263,                0.68619,                0.41199,                 1.3482,                 1.1646,                 1.0825,             0.00038988,             0.00038988,             0.00038988
                    192,                0.98206,                0.72926,                0.95565,                0.65245,                0.70973,                0.68449,                0.41529,                 1.3343,                 1.1647,                   1.07,             0.00038864,             0.00038864,             0.00038864
                    193,                 1.0051,                0.76557,                 0.9649,                0.68297,                0.70889,                0.68816,                0.41371,                 1.3839,                 1.1667,                 1.0805,              0.0003874,              0.0003874,              0.0003874
                    194,                 1.0209,                0.74218,                0.96305,                0.70148,                0.71677,                0.68902,                 0.4002,                 1.4446,                 1.2037,                  1.097,             0.00038616,             0.00038616,             0.00038616
                    195,                0.99194,                0.74413,                0.95942,                0.69818,                0.67942,                0.70017,                0.41905,                 1.3697,                 1.1889,                  1.068,             0.00038492,             0.00038492,             0.00038492
                    196,                0.97755,                0.72571,                0.94665,                 0.6878,                0.69732,                0.71478,                0.43605,                 1.3571,                 1.1336,                 1.0513,             0.00038369,             0.00038369,             0.00038369
                    197,                0.99031,                0.70821,                0.95363,                0.71796,                 0.6899,                0.71658,                0.43112,                 1.3853,                  1.138,                 1.0574,             0.00038245,             0.00038245,             0.00038245
                    198,                 1.0061,                0.74897,                0.96083,                0.67246,                0.72831,                0.70845,                0.42429,                 1.4049,                 1.1764,                 1.0736,             0.00038121,             0.00038121,             0.00038121
                    199,                 1.0049,                 0.7428,                0.96424,                0.67133,                0.76099,                0.72192,                0.44118,                  1.324,                 1.1131,                 1.0595,             0.00037997,             0.00037997,             0.00037997
                    200,                0.97324,                0.71957,                0.94992,                0.65412,                0.82186,                0.72222,                0.43755,                 1.3088,                 1.0761,                 1.0729,             0.00037874,             0.00037874,             0.00037874
                    201,                0.95452,                0.72915,                0.94884,                0.65137,                0.80401,                0.71769,                0.44294,                 1.2954,                 1.0691,                 1.0721,              0.0003775,              0.0003775,              0.0003775
                    202,                0.94743,                0.69927,                0.94849,                0.65501,                0.79358,                0.71932,                0.44535,                 1.3225,                 1.0679,                 1.0845,             0.00037626,             0.00037626,             0.00037626
                    203,                0.96062,                0.69727,                0.94072,                0.67411,                0.77891,                 0.7121,                0.44136,                 1.3409,                 1.0873,                 1.0894,             0.00037503,             0.00037503,             0.00037503
                    204,                0.98407,                0.72152,                0.95437,                0.72734,                0.70999,                0.70109,                0.42682,                 1.4115,                  1.154,                 1.0969,             0.00037379,             0.00037379,             0.00037379
                    205,                0.95652,                0.70595,                0.94162,                0.71019,                0.72051,                0.69715,                0.42084,                 1.4629,                  1.176,                 1.1118,             0.00037255,             0.00037255,             0.00037255
                    206,                0.95118,                0.70059,                0.93824,                0.70981,                0.71756,                0.70979,                0.42959,                 1.4325,                 1.1863,                 1.1038,             0.00037131,             0.00037131,             0.00037131
                    207,                  0.966,                 0.6947,                0.94728,                0.70007,                0.74667,                0.72477,                0.44274,                 1.3633,                 1.1631,                 1.0782,             0.00037008,             0.00037008,             0.00037008
                    208,                0.96083,                0.69284,                0.95001,                0.69747,                0.76454,                0.71579,                0.43855,                 1.3468,                 1.1672,                  1.072,             0.00036884,             0.00036884,             0.00036884
                    209,                0.96933,                0.69899,                0.94321,                0.69923,                0.73998,                0.71386,                 0.4437,                 1.3242,                 1.1543,                 1.0639,              0.0003676,              0.0003676,              0.0003676
                    210,                0.95413,                0.68576,                0.94362,                0.68253,                0.77127,                0.71164,                0.43772,                 1.3428,                 1.1177,                 1.0834,             0.00036636,             0.00036636,             0.00036636
                    211,                0.95647,                0.71019,                0.94731,                0.68731,                0.78141,                0.71995,                0.43859,                 1.3366,                 1.0872,                 1.0801,             0.00036513,             0.00036513,             0.00036513
                    212,                0.96816,                0.69627,                0.94134,                0.69519,                0.78663,                0.72078,                0.45178,                 1.3249,                 1.0712,                 1.0609,             0.00036389,             0.00036389,             0.00036389
                    213,                0.98517,                0.71202,                0.95269,                 0.6971,                0.73983,                 0.7073,                0.44438,                 1.3397,                 1.0789,                 1.0653,             0.00036265,             0.00036265,             0.00036265
                    214,                0.95597,                0.69153,                0.94965,                0.70021,                0.70259,                0.70338,                0.44194,                 1.3558,                 1.0896,                 1.0694,             0.00036141,             0.00036141,             0.00036141
                    215,                0.95667,                0.69247,                0.94343,                 0.7045,                0.68607,                0.70393,                0.44502,                 1.3659,                 1.1081,                 1.0732,             0.00036018,             0.00036018,             0.00036018
                    216,                0.93967,                0.69458,                 0.9471,                0.67396,                0.74916,                0.70828,                0.43448,                 1.3896,                 1.1156,                 1.0744,             0.00035894,             0.00035894,             0.00035894
                    217,                  0.935,                0.68881,                0.94334,                0.67679,                0.75716,                0.70908,                0.43759,                 1.3828,                 1.1172,                 1.0704,              0.0003577,              0.0003577,              0.0003577
                    218,                 0.9473,                0.69597,                0.94609,                0.69723,                0.73128,                0.70023,                0.42975,                 1.3951,                  1.119,                 1.0759,             0.00035646,             0.00035646,             0.00035646
                    219,                  0.926,                0.67829,                0.93848,                0.70142,                0.72047,                0.70399,                0.42574,                 1.3841,                 1.1191,                 1.0823,             0.00035523,             0.00035523,             0.00035523
                    220,                0.92063,                0.65881,                0.93343,                0.71612,                0.70151,                0.70598,                0.43126,                 1.3841,                  1.128,                 1.0893,             0.00035399,             0.00035399,             0.00035399
                    221,                0.92237,                0.66112,                0.93369,                0.72546,                 0.7006,                 0.7086,                0.43444,                 1.3912,                 1.1336,                 1.0947,             0.00035275,             0.00035275,             0.00035275
                    222,                0.94487,                0.68941,                0.93924,                0.70306,                0.71661,                0.70762,                0.42592,                 1.3494,                 1.1395,                 1.1029,             0.00035151,             0.00035151,             0.00035151
                    223,                0.94546,                0.68978,                 0.9409,                0.69914,                0.71909,                0.71384,                0.43685,                 1.3494,                 1.1011,                 1.0936,             0.00035028,             0.00035028,             0.00035028
                    224,                0.93019,                0.68574,                0.94202,                0.69106,                0.76531,                0.72918,                0.45389,                  1.343,                 1.0495,                 1.0666,             0.00034904,             0.00034904,             0.00034904
                    225,                0.96664,                 0.6882,                0.94019,                  0.673,                 0.7627,                0.72866,                0.45646,                 1.3305,                 1.0413,                 1.0666,              0.0003478,              0.0003478,              0.0003478
                    226,                0.94225,                0.68538,                0.93707,                0.64899,                0.79648,                0.72524,                0.45558,                 1.3206,                 1.0406,                  1.087,             0.00034656,             0.00034656,             0.00034656
                    227,                0.93588,                0.66408,                0.93767,                0.66253,                0.81363,                0.73174,                0.45585,                 1.2826,                 1.0369,                 1.0753,             0.00034533,             0.00034533,             0.00034533
                    228,                0.92079,                0.67039,                0.94094,                0.67418,                0.80739,                0.74303,                0.46891,                 1.2778,                 1.0498,                 1.0622,             0.00034409,             0.00034409,             0.00034409
                    229,                0.92784,                 0.6622,                0.93794,                0.69111,                0.77704,                0.73683,                0.46428,                 1.2781,                 1.0546,                 1.0632,             0.00034285,             0.00034285,             0.00034285
                    230,                0.91861,                0.65434,                0.93188,                0.71917,                0.74384,                0.73493,                0.46088,                 1.2958,                 1.0718,                 1.0801,             0.00034161,             0.00034161,             0.00034161
                    231,                0.93718,                0.66145,                0.93869,                 0.7063,                0.74426,                0.73513,                0.45833,                 1.3378,                 1.0823,                 1.0993,             0.00034038,             0.00034038,             0.00034038
                    232,                 0.9424,                0.67164,                0.93272,                0.69655,                0.74798,                0.73457,                0.45768,                 1.3728,                 1.1131,                 1.0961,             0.00033914,             0.00033914,             0.00033914
                    233,                0.92741,                 0.6785,                0.93225,                0.72891,                0.71083,                0.72872,                0.45329,                 1.4079,                 1.1206,                  1.101,              0.0003379,              0.0003379,              0.0003379
                    234,                0.93877,                0.67246,                0.93607,                0.71586,                0.70486,                0.69947,                 0.4236,                 1.4569,                 1.1456,                 1.1104,             0.00033666,             0.00033666,             0.00033666
                    235,                0.93085,                0.66906,                0.94524,                0.69938,                0.73399,                0.70127,                0.43568,                 1.4176,                 1.1566,                 1.1078,             0.00033543,             0.00033543,             0.00033543
                    236,                0.90704,                0.65616,                0.93568,                0.70003,                0.73192,                0.70673,                0.42909,                 1.4181,                 1.1612,                 1.1051,             0.00033419,             0.00033419,             0.00033419
                    237,                0.90612,                0.65453,                0.93806,                0.71119,                0.72254,                0.70602,                0.43188,                 1.4068,                 1.1616,                 1.0959,             0.00033295,             0.00033295,             0.00033295
                    238,                0.93553,                0.66752,                0.94397,                0.67775,                0.76874,                0.69854,                0.42785,                 1.4204,                 1.1568,                 1.1058,             0.00033171,             0.00033171,             0.00033171
                    239,                0.92368,                  0.662,                0.93414,                0.65843,                0.77894,                0.69905,                0.43631,                 1.3858,                 1.1413,                 1.1019,             0.00033047,             0.00033047,             0.00033047
                    240,                0.89446,                0.64388,                0.92994,                0.62583,                0.78895,                0.70841,                0.43844,                 1.3701,                 1.1101,                 1.0859,             0.00032924,             0.00032924,             0.00032924
                    241,                0.90357,                0.64167,                0.92808,                0.67846,                 0.7062,                0.71369,                0.43525,                 1.3576,                 1.0885,                 1.0766,               0.000328,               0.000328,               0.000328
                    242,                0.92913,                0.65951,                0.93509,                0.69669,                0.72444,                0.72095,                0.43436,                 1.3513,                 1.0842,                 1.0623,             0.00032676,             0.00032676,             0.00032676
                    243,                0.90763,                0.65256,                0.93538,                0.68958,                0.73754,                0.70733,                0.43551,                 1.3541,                 1.0799,                  1.081,             0.00032553,             0.00032553,             0.00032553
                    244,                 0.8966,                0.64242,                0.92993,                0.67358,                 0.7725,                0.70259,                0.43474,                 1.3782,                 1.0831,                 1.1109,             0.00032429,             0.00032429,             0.00032429
                    245,                0.90284,                0.65348,                0.93654,                0.67749,                0.75958,                 0.6958,                0.43141,                 1.3914,                 1.0937,                 1.1174,             0.00032305,             0.00032305,             0.00032305
                    246,                0.90733,                0.64766,                0.93078,                0.63626,                0.77098,                0.69901,                0.43363,                 1.3945,                  1.133,                 1.1191,             0.00032181,             0.00032181,             0.00032181
                    247,                0.90516,                 0.6524,                0.93594,                0.67221,                0.73653,                0.70925,                0.45071,                 1.3579,                  1.111,                 1.0995,             0.00032058,             0.00032058,             0.00032058
                    248,                0.90433,                0.64046,                0.92655,                0.65714,                0.74385,                0.70793,                0.45181,                 1.3724,                 1.1129,                  1.086,             0.00031934,             0.00031934,             0.00031934
                    249,                0.90075,                0.64587,                0.93491,                0.65342,                 0.7373,                 0.7044,                0.44525,                 1.3821,                 1.1282,                 1.0828,              0.0003181,              0.0003181,              0.0003181
                    250,                0.92795,                0.66182,                0.93842,                0.65105,                0.73857,                0.69425,                0.43455,                   1.42,                 1.1641,                 1.0939,             0.00031686,             0.00031686,             0.00031686
                    251,                0.90073,                  0.637,                0.93545,                 0.6758,                0.71746,                0.68583,                0.42704,                 1.4293,                 1.1795,                 1.1058,             0.00031562,             0.00031562,             0.00031562
                    252,                0.91325,                0.65644,                0.93694,                0.68204,                0.72494,                0.68458,                0.42462,                 1.4436,                 1.1439,                 1.1152,             0.00031439,             0.00031439,             0.00031439
                    253,                0.90215,                0.64435,                0.93155,                0.68025,                0.71989,                0.68582,                0.42267,                 1.4394,                 1.1376,                 1.1092,             0.00031315,             0.00031315,             0.00031315
                    254,                0.87871,                0.62446,                0.92105,                0.72641,                0.69171,                0.69826,                0.42879,                 1.4108,                 1.1231,                 1.1001,             0.00031191,             0.00031191,             0.00031191
                    255,                0.89075,                0.65043,                0.93501,                0.68718,                0.73736,                0.69731,                0.43978,                 1.3988,                 1.0931,                 1.1035,             0.00031068,             0.00031068,             0.00031068
                    256,                0.88705,                0.62844,                0.92681,                0.70727,                 0.7226,                0.71092,                0.44713,                 1.3784,                  1.104,                 1.1001,             0.00030944,             0.00030944,             0.00030944
                    257,                0.88972,                0.63664,                0.92583,                 0.7058,                0.73122,                 0.7106,                0.44444,                 1.3706,                 1.1032,                 1.1013,              0.0003082,              0.0003082,              0.0003082
                    258,                0.90663,                0.64101,                0.93381,                0.70739,                0.73039,                0.71191,                0.43941,                 1.3808,                 1.1186,                 1.1001,             0.00030696,             0.00030696,             0.00030696
                    259,                0.89286,                0.63684,                0.92852,                0.68188,                0.76206,                0.71159,                0.44297,                 1.3643,                 1.1285,                 1.0928,             0.00030573,             0.00030573,             0.00030573
                    260,                0.88405,                0.63613,                0.92938,                0.63328,                0.80784,                0.70536,                 0.4407,                 1.3542,                  1.113,                 1.1017,             0.00030449,             0.00030449,             0.00030449
                    261,                 0.8859,                0.64054,                0.92851,                0.65499,                0.76866,                 0.7012,                0.43875,                  1.361,                 1.1039,                 1.1058,             0.00030325,             0.00030325,             0.00030325
